anomes,velocidad
2018-2,14.92752649058991
2018-3,15.61394212257875
